Workbook
Name Slicer_Default_Flag: #N/A
Name Slicer_Loan_Type: #N/A

Sheet Dashboard
A1: Loans Portfolio Analytics Dashboard
A4: 200 | E4: =SUM('Raw data'!D2:D201) -> 202908292 | I4: =AVERAGE('Raw data'!D2:D201) -> 1014541.5 | M4: =AVERAGE('Raw data'!F2:F201) -> 10.625 | Q4: =COUNTIF('Raw data'!J2:J201,1)/200 -> 0.195
A8: Total Loans | E8: Portfolio Value (₹) | I8: Avg Loan Amount (₹) | M8: Avg Interest Rate (%) | Q8: Default Rate
K31: Raw data -->

Sheet Raw data
A1: Loan_ID | B1: Customer_ID= | C1: Loan_Type | D1: Loan_Amount | E1: Interest_Rate (%) | F1: Tenure (Years) | G1: EMI | H1: Total_Payment | I1: Interest_Paid | J1: Default_Flag
A2: L001 | B2: C123 | C2: Education | D2: 519737 | E2: 11.93 | F2: 14 | G2: =PMT(F2/12/100, E2*12, -D2) -> 7486.2732 | H2: =G2*E2*12 -> 1071734.9 | I2: =H2-D2 -> 551997.87 | J2: 0 | M2: Total lona | N2: =COUNTA(A2:A201) -> 200
A3: L002 | B3: C124 | C3: Personal | D3: 1137004 | E3: 11.14 | F3: 4 | G3: =PMT(F3/12/100, E3*12, -D3) -> 10554.631 | H3: =G3*E3*12 -> 1410943.1 | I3: =H3-D3 -> 273939.07 | J3: 0 | M3: Loan Types | N3: =COUNTA(_xlfn.UNIQUE(C2:C201)) -> 4
A4: L003 | B4: C125 | C4: Car | D4: 506136 | E4: 13.89 | F4: 14 | G4: =PMT(F4/12/100, E4*12, -D4) -> 6903.6233 | H4: =G4*E4*12 -> 1150695.9 | I4: =H4-D4 -> 644559.93 | J4: 0 | M4: Total Defaulters | N4: =COUNTIF(J2:J201,1) -> 39
A5: L004 | B5: C126 | C5: Car | D5: 1280646 | E5: 11.96 | F5: 10 | G5: =PMT(F5/12/100, E5*12, -D5) -> 15331.285 | H5: =G5*E5*12 -> 2200346.1 | I5: =H5-D5 -> 919700.08 | J5: 0 | M5: Default Rate | N5: =N4/N2 -> 0.195
A6: L005 | B6: C127 | C6: Personal | D6: 556801 | E6: 11.7 | F6: 14 | G6: =PMT(F6/12/100, E6*12, -D6) -> 8081.8282 | H6: =G6*E6*12 -> 1134688.7 | I6: =H6-D6 -> 577887.68 | J6: 0 | M6: Avg Loan Amount | N6: =AVERAGE(D2:D201) -> 1014541.5
A7: L006 | B7: C128 | C7: Education | D7: 1166688 | E7: 13.2 | F7: 19 | G7: =PMT(F7/12/100, E7*12, -D7) -> 20145.584 | H7: =G7*E7*12 -> 3191060.6 | I7: =H7-D7 -> 2024372.6 | J7: 0 | M7: Max Loan Amount | N7: =MAX(D2:D201) -> 1984155
A8: L007 | B8: C129 | C8: Personal | D8: 706938 | E8: 9.94 | F8: 8 | G8: =PMT(F8/12/100, E8*12, -D8) -> 8610.9664 | H8: =G8*E8*12 -> 1027116.1 | I8: =H8-D8 -> 320178.07 | J8: 0 | M8: Min Loan Amount | N8: =MIN(D2:D201) -> 57757
A9: L008 | B9: C130 | C9: Education | D9: 179148 | E9: 14.74 | F9: 20 | G9: =PMT(F9/12/100, E9*12, -D9) -> 3155.3507 | H9: =G9*E9*12 -> 558118.43 | I9: =H9-D9 -> 378970.43 | J9: 1
A10: L009 | B10: C131 | C10: Personal | D10: 1388636 | E10: 9.32 | F10: 2 | G10: =PMT(F10/12/100, E10*12, -D10) -> 13619.714 | H10: =G10*E10*12 -> 1523228.8 | I10: =H10-D10 -> 134592.76 | J10: 1
A11: L010 | B11: C132 | C11: Home | D11: 347227 | E11: 7.9 | F11: 15 | G11: =PMT(F11/12/100, E11*12, -D11) -> 6272.1657 | H11: =G11*E11*12 -> 594601.31 | I11: =H11-D11 -> 247374.31 | J11: 1
A12: L011 | B12: C133 | C12: Education | D12: 387832 | E12: 13.83 | F12: 17 | G12: =PMT(F12/12/100, E12*12, -D12) -> 6083.4642 | H12: =G12*E12*12 -> 1009611.7 | I12: =H12-D12 -> 621779.72 | J12: 0
A13: L012 | B13: C134 | C13: Personal | D13: 1003329 | E13: 13.62 | F13: 11 | G13: =PMT(F13/12/100, E13*12, -D13) -> 11868.297 | H13: =G13*E13*12 -> 1939754.5 | I13: =H13-D13 -> 936425.46 | J13: 1 | M13: Summary -->
A14: L013 | B14: C135 | C14: Home | D14: 1526394 | E14: 10.69 | F14: 6 | G14: =PMT(F14/12/100, E14*12, -D14) -> 16148.795 | H14: =G14*E14*12 -> 2071567.4 | I14: =H14-D14 -> 545173.4 | J14: 0
A15: L014 | B15: C136 | C15: Education | D15: 706299 | E15: 12.72 | F15: 17 | G15: =PMT(F15/12/100, E15*12, -D15) -> 11329.246 | H15: =G15*E15*12 -> 1729296.1 | I15: =H15-D15 -> 1022997.1 | J15: 0
A16: L015 | B16: C137 | C16: Education | D16: 1641014 | E16: 14.62 | F16: 10 | G16: =PMT(F16/12/100, E16*12, -D16) -> 17833.556 | H16: =G16*E16*12 -> 3128719.1 | I16: =H16-D16 -> 1487705.1 | J16: 1
A17: L016 | B17: C138 | C17: Personal | D17: 255970 | E17: 8.83 | F17: 8 | G17: =PMT(F17/12/100, E17*12, -D17) -> 3376.3029 | H17: =G17*E17*12 -> 357753.05 | I17: =H17-D17 -> 101783.05 | J17: 0
A18: L017 | B18: C139 | C18: Car | D18: 927667 | E18: 14.54 | F18: 8 | G18: =PMT(F18/12/100, E18*12, -D18) -> 9011.1984 | H18: =G18*E18*12 -> 1572273.9 | I18: =H18-D18 -> 644606.9 | J18: 1
A19: L018 | B19: C140 | C19: Car | D19: 1489379 | E19: 14.73 | F19: 9 | G19: =PMT(F19/12/100, E19*12, -D19) -> 15237.843 | H19: =G19*E19*12 -> 2693441.1 | I19: =H19-D19 -> 1204062.1 | J19: 0
A20: L019 | B20: C141 | C20: Education | D20: 1973160 | E20: 12.94 | F20: 7 | G20: =PMT(F20/12/100, E20*12, -D20) -> 19353.929 | H20: =G20*E20*12 -> 3005278.2 | I20: =H20-D20 -> 1032118.2 | J20: 0
A21: L020 | B21: C142 | C21: Personal | D21: 367709 | E21: 10.13 | F21: 16 | G21: =PMT(F21/12/100, E21*12, -D21) -> 6127.4851 | H21: =G21*E21*12 -> 744857.09 | I21: =H21-D21 -> 377148.09 | J21: 0
A22: L021 | B22: C143 | C22: Personal | D22: 429364 | E22: 11.08 | F22: 12 | G22: =PMT(F22/12/100, E22*12, -D22) -> 5852.3261 | H22: =G22*E22*12 -> 778125.28 | I22: =H22-D22 -> 348761.28 | J22: 0
A23: L022 | B23: C144 | C23: Personal | D23: 361488 | E23: 8.68 | F23: 17 | G23: =PMT(F23/12/100, E23*12, -D23) -> 6659.586 | H23: =G23*E23*12 -> 693662.48 | I23: =H23-D23 -> 332174.48 | J23: 0
A24: L023 | B24: C145 | C24: Education | D24: 79934 | E24: 12.97 | F24: 13 | G24: =PMT(F24/12/100, E24*12, -D24) -> 1065.0367 | H24: =G24*E24*12 -> 165762.32 | I24: =H24-D24 -> 85828.316 | J24: 0
A25: L024 | B25: C146 | C25: Personal | D25: 1705079 | E25: 12.82 | F25: 17 | G25: =PMT(F25/12/100, E25*12, -D25) -> 27289.559 | H25: =G25*E25*12 -> 4198225.8 | I25: =H25-D25 -> 2493146.8 | J25: 0
... A201: L200 | B201: C191 | C201: Personal | D201: 1983998 | E201: 13.11 | F201: 12 | G201: =PMT(F201/12/100, E201*12, -D201) -> 25082.381 | H201: =G201*E201*12 -> 3945960.2 | I201: =H201-D201 -> 1961962.2 | J201: 0

Sheet Summary Statistics
A1: Loans Portfolio — Summary Statistics
A3: Loan Type | B3: Count | C3: Total Amount | D3: Avg Loan | E3: Avg Interest % | F3: Default Rate
A4: Car | B4: =COUNTIF('Raw data'!$C$2:$C$201, A4) -> 43 | C4: =SUMIF('Raw data'!$C$2:$C$201, A4, 'Raw data'!$D$2:$D$201) -> 40590839 | D4: =AVERAGEIF('Raw data'!$C$2:$C$201, A4, 'Raw data'!$D$2:$D$201) -> 943973 | E4: =AVERAGEIF('Raw data'!$C$2:$C$201, A4, 'Raw data'!$F$2:$F$201) -> 11.069767 | F4: =AVERAGEIF('Raw data'!$C$2:$C$201, A4, 'Raw data'!$J$2:$J$201) -> 0.18604651
A5: Education | B5: =COUNTIF('Raw data'!$C$2:$C$201, A5) -> 52 | C5: =SUMIF('Raw data'!$C$2:$C$201, A5, 'Raw data'!$D$2:$D$201) -> 52905599 | D5: =AVERAGEIF('Raw data'!$C$2:$C$201, A5, 'Raw data'!$D$2:$D$201) -> 1017415.4 | E5: =AVERAGEIF('Raw data'!$C$2:$C$201, A5, 'Raw data'!$F$2:$F$201) -> 9.9807692 | F5: =AVERAGEIF('Raw data'!$C$2:$C$201, A5, 'Raw data'!$J$2:$J$201) -> 0.25 | H5: Pivot -->
A6: Home | B6: =COUNTIF('Raw data'!$C$2:$C$201, A6) -> 42 | C6: =SUMIF('Raw data'!$C$2:$C$201, A6, 'Raw data'!$D$2:$D$201) -> 49907797 | D6: =AVERAGEIF('Raw data'!$C$2:$C$201, A6, 'Raw data'!$D$2:$D$201) -> 1188280.9 | E6: =AVERAGEIF('Raw data'!$C$2:$C$201, A6, 'Raw data'!$F$2:$F$201) -> 11.047619 | F6: =AVERAGEIF('Raw data'!$C$2:$C$201, A6, 'Raw data'!$J$2:$J$201) -> 0.11904762
A7: Personal | B7: =COUNTIF('Raw data'!$C$2:$C$201, A7) -> 63 | C7: =SUMIF('Raw data'!$C$2:$C$201, A7, 'Raw data'!$D$2:$D$201) -> 59504057 | D7: =AVERAGEIF('Raw data'!$C$2:$C$201, A7, 'Raw data'!$D$2:$D$201) -> 944508.84 | E7: =AVERAGEIF('Raw data'!$C$2:$C$201, A7, 'Raw data'!$F$2:$F$201) -> 10.571429 | F7: =AVERAGEIF('Raw data'!$C$2:$C$201, A7, 'Raw data'!$J$2:$J$201) -> 0.20634921
A8: TOTAL | B8: =SUM(B4:B7) -> 200 | C8: =SUM(C4:C7) -> 202908292 | D8: =AVERAGE(D4:D7) -> 1023544.5 | E8: =AVERAGE(E4:E7) -> 10.667396 | F8: =AVERAGE(F4:F7) -> 0.19036083

Sheet Pivot Analysis
A3: Row Labels | B3: No. of Loans | C3: Total Amount | D3: Average of Default_Flag
A4: Car | B4: 43 | C4: 40590839 | D4: 0.18604651
A5: Education | B5: 52 | C5: 52905599 | D5: 0.25
A6: Home | B6: 42 | C6: 49907797 | D6: 0.11904762
A7: Personal | B7: 63 | C7: 59504057 | D7: 0.20634921
A8: Grand Total | B8: 200 | C8: 202908292 | D8: 0.195
G11: Chart-->
A20: Row Labels | B20: Sum of Tenure (Years) | C20: Avg Loan
A21: Car | B21: 476 | C21: 40590839
A22: Education | B22: 519 | C22: 52905599
A23: Home | B23: 464 | C23: 49907797
A24: Personal | B24: 666 | C24: 59504057
A25: Grand Total | B25: 2125 | C25: 202908292

Sheet Charts
